{
  "spider": "https://fs-im-kefu.7moor-fs1.com/ly/4d2c3f00-7d4c-11e5-af15-41bf63ae4ea0/1737725007229/f01242.txt;md5;c4745a1b57105d124cf1b429eba5d4bf",
  "wallpaper": "https://深色壁纸.xxooo.cf/",
  "sites": [
    {
      "key": "Alist",
      "name": "🌟小雅┃高清",
      "type": 3,
      "api": "DOCKER_ADDRESS/tvbox/libs/alist.min.js",
      "searchable": 1,
      "quickSearch": 1,
      "filterable": 0,
      "ext": [
        {
          "name": "丫仙女",
          "server": "DOCKER_ADDRESS/",
          "startPage": "/",
          "search": true
        },
        {
          "name": "每日更新",
          "server": "DOCKER_ADDRESS/",
          "startPage": "/每日更新"
        },
        {
          "name": "电影",
          "server": "DOCKER_ADDRESS/",
          "startPage": "/电影"
        },
        {
          "name": "电视剧",
          "server": "DOCKER_ADDRESS/",
          "startPage": "/电视剧"
        },
        {
          "name": "短剧",
          "server": "DOCKER_ADDRESS/",
          "startPage": "/每日更新/爽文短剧"
        },
        {
          "name": "综艺",
          "server": "DOCKER_ADDRESS/",
          "startPage": "/综艺"
        },
        {
          "name": "纪录片",
          "server": "DOCKER_ADDRESS/",
          "startPage": "/纪录片"
        },
        {
          "name": "动漫",
          "server": "DOCKER_ADDRESS/",
          "startPage": "/动漫"
        },
        {
          "name": "儿童",
          "server": "DOCKER_ADDRESS/",
          "startPage": "/动漫/儿童"
        }
      ]
    },
    {
      "key": "豆",
      "name": "豆瓣推片",
      "type": 3,
      "api": "csp_DouDou",
      "indexs": 1,
      "searchable": 0,
      "quickSearch": 0,
      "filterable": 0
    },
    {
      "key": "玩偶",
      "name": "👽玩偶哥哥┃4K弹幕",
      "type": 3,
      "api": "csp_WoGG",
      "searchable": 1,
      "quickSearch": 1,
      "changeable": 0,
      "ext": {
        "Cloud-drive": "tvfan/Cloud-drive.txt",
        "from": "4k|auto",
        "siteUrl": "https://www.wogg.net/",
        "danMu": "弹"
      }
    },
    {
      "key": "YGP",
      "name": "🚀叨观荐影┃预告片",
      "type": 3,
      "api": "csp_YGP",
      "searchable": 0,
      "quickSearch": 0,
      "changeable": 0
    },
    {
      "key": "alllive",
      "name": "📽️一直播┃直播",
      "type": 3,
      "api": "csp_Alllive",
      "playerType": 2,
      "searchable": 0,
      "quickSearch": 0,
      "changeable": 0
    },
    {
      "key": "抠搜",
      "name": "🍄抠抠┃搜搜",
      "type": 3,
      "api": "csp_KkSs",
      "searchable": 1,
      "quickSearch": 1,
      "changeable": 0,
      "ext": {
        "Cloud-drive": "tvfan/Cloud-drive.txt",
        "from": "4k|auto"
      }
    },
    {
      "key": "UC",
      "name": "🌈优汐┃搜搜",
      "type": 3,
      "api": "csp_UuSs",
      "searchable": 1,
      "quickSearch": 1,
      "changeable": 0,
      "ext": {
        "Cloud-drive": "tvfan/Cloud-drive.txt",
        "from": "4k|auto"
      }
    },
    {
      "key": "原创",
      "name": "☀原创┃不卡",
      "type": 3,
      "api": "csp_YCyz",
      "timeout": 15,
      "playerType": 1,
      "searchable": 1,
      "quickSearch": 1,
      "changeable": 1
    },
    {
      "key": "苹果",
      "name": "🍎苹果┃不卡",
      "type": 3,
      "api": "csp_LiteApple",
      "searchable": 1,
      "quickSearch": 1,
      "changeable": 1
    },
    {
      "key": "白白",
      "name": "🐟白白┃秒播",
      "type": 3,
      "api": "csp_Sbaibai",
      "playerType": 2,
      "searchable": 1,
      "quickSearch": 1,
      "changeable": 1
    },
    {
      "key": "糯米",
      "name": "🍓糯米┃秒播",
      "type": 3,
      "api": "csp_Nmyswv",
      "searchable": 1,
      "quickSearch": 1,
      "changeable": 1
    },
    {
      "key": "Lib",
      "name": "🌟立播┃秒播",
      "type": 3,
      "api": "csp_Libvio",
      "searchable": 1,
      "quickSearch": 1,
      "changeable": 1,
      "ext": {
        "Cloud-drive": "tvfan/Cloud-drive.txt",
        "from": "4k|auto"
      }
    },
    {
      "key": "文采",
      "name": "💮文采┃秒播",
      "type": 3,
      "api": "csp_Jpys",
      "playerType": 2,
      "searchable": 1,
      "quickSearch": 1,
      "changeable": 1
    },
    {
      "key": "zxzj",
      "name": "🍊在线┃秒播",
      "type": 3,
      "api": "csp_Zxzj",
      "timeout": 15,
      "searchable": 1,
      "quickSearch": 1,
      "changeable": 1,
      "ext": "https://www.zxzjhd.com/"
    },
    {
      "key": "csp_Bttoo",
      "name": "🍄比特┃秒播",
      "type": 3,
      "api": "csp_Bttwoo",
      "searchable": 1,
      "quickSearch": 1,
      "changeable": 1
    },
    {
      "key": "贱贱",
      "name": "🐭贱贱┃P2P",
      "type": 3,
      "api": "csp_JPJ",
      "playerType": 2,
      "searchable": 1,
      "quickSearch": 1,
      "changeable": 0
    },
    {
      "key": "低端",
      "name": "⏮️低端┃外剧",
      "type": 3,
      "api": "csp_Ddrk",
      "playerType": "2",
      "searchable": 1,
      "quickSearch": 1,
      "changeable": 1
    },
    {
      "key": "AppSj",
      "name": "👒视界┃多线",
      "type": 3,
      "api": "csp_AppSj",
      "playerType": 2,
      "searchable": 1,
      "quickSearch": 1,
      "changeable": 1
    },
    {
      "key": "木星",
      "name": "🌞木星┃多线",
      "type": 3,
      "api": "csp_AppSx",
      "searchable": 1,
      "quickSearch": 1,
      "changeable": 1,
      "ext": "FbjPcVZY48PN/RIZ5QqOrspjLMNAA5xaRiBa8vT6iB4RAYHOp3SFmQTE9v/hX3nlPzHB3X051Sp3XDoyUIN9aRARCZzZk1aDbikK"
    },
    {
      "key": "热播",
      "name": "📺热播┃多线",
      "type": 3,
      "api": "csp_AppTT",
      "playerType": 2,
      "searchable": 1,
      "quickSearch": 1,
      "changeable": 1,
      "ext": "AO7TcBkd8I/B5wQc4Qma+pU="
    },
    {
      "key": "萌米",
      "name": "👀萌米┃多线",
      "type": 3,
      "api": "csp_AppTT",
      "playerType": 2,
      "searchable": 1,
      "quickSearch": 1,
      "changeable": 1,
      "ext": "AO7TcBkd8I2bux0Y8Qze6tVlMg=="
    },
    {
      "key": "欢视",
      "name": "👓欢视┃多线",
      "type": 3,
      "api": "csp_AppTT",
      "playerType": 2,
      "searchable": 1,
      "quickSearch": 1,
      "changeable": 1,
      "ext": "AO7TcBkd8I/B+Qsa7gqa+pU="
    },
    {
      "key": "可可",
      "name": "👻可可┃多线",
      "type": 3,
      "api": "csp_Kekys",
      "playerType": 2,
      "searchable": 1,
      "quickSearch": 1,
      "changeable": 1
    },
    {
      "key": "厂长",
      "name": "📔厂长┃不卡",
      "type": 3,
      "api": "csp_NewCz",
      "playerType": 2,
      "searchable": 1,
      "quickSearch": 1,
      "changeable": 1,
      "ext": "https://www.czzyvideo.com/"
    },
    {
      "key": "Auete",
      "name": "🏝奥特┃无广",
      "type": 3,
      "api": "csp_Auete",
      "timeout": 15,
      "searchable": 1,
      "quickSearch": 1,
      "changeable": 1,
      "ext": "https://auete.com/"
    },
    {
      "key": "新6V",
      "name": "🧲新6V┃磁力",
      "type": 3,
      "api": "csp_SixV",
      "searchable": 1,
      "quickSearch": 1,
      "changeable": 0,
      "ext": "https://www.xb6v.com/"
    },
    {
      "key": "Dm84",
      "name": "🚌巴士┃动漫",
      "type": 3,
      "api": "csp_Dm84",
      "searchable": 1,
      "quickSearch": 1,
      "changeable": 1
    },
    {
      "key": "Ysj",
      "name": "🎀异界┃动漫",
      "type": 3,
      "api": "csp_Ysj",
      "searchable": 1,
      "quickSearch": 1,
      "changeable": 1
    },
    {
      "key": "Anime1",
      "name": "🐾日本┃动漫",
      "type": 3,
      "api": "csp_Anime1",
      "searchable": 1,
      "quickSearch": 1,
      "changeable": 1
    },
    {
      "key": "926看球",
      "name": "⚽926┃看球",
      "type": 3,
      "api": "csp_kanqiu926",
      "searchable": 0,
      "changeable": 0,
      "style": {
        "type": "list"
      }
    },
    {
      "key": "88看球",
      "name": "⚽88┃看球",
      "type": 3,
      "api": "csp_Sir88",
      "searchable": 0,
      "changeable": 0,
      "style": {
        "type": "list"
      }
    },
    {
      "key": "Jrsjs",
      "name": "⚽ Jrs┃球迷",
      "type": 3,
      "api": "https://ghfast.top/raw.githubusercontent.com/fantaiying7/EXT/refs/heads/main/drpy2.min.js",
      "ext": "https://ghfast.top/raw.githubusercontent.com/fantaiying7/EXT/refs/heads/main/jrk.js",
      "style": {
        "type": "list"
      },
      "searchable": 0,
      "quickSearch": 0,
      "changeable": 0
    },
    {
      "key": "酷奇",
      "name": "🎤酷奇┃MV",
      "type": 3,
      "api": "https://ghfast.top/raw.githubusercontent.com/fantaiying7/EXT/refs/heads/main/drpy2.min.js",
      "ext": "https://ghfast.top/raw.githubusercontent.com/fantaiying7/EXT/refs/heads/main/酷奇MV.js",
      "style": {
        "type": "rect",
        "ratio": 1.597
      },
      "searchable": 0,
      "quickSearch": 0,
      "changeable": 0
    },
    {
      "key": "MTV",
      "name": "🎧明星┃MV",
      "type": 3,
      "api": "csp_Bili",
      "style": {
        "type": "rect",
        "ratio": 1.597
      },
      "searchable": 0,
      "quickSearch": 0,
      "changeable": 0,
      "ext": {
        "json": "https://ghfast.top/raw.githubusercontent.com/fantaiying7/EXT/refs/heads/main/MTV.json"
      }
    },
    {
      "key": "虎牙直播js",
      "name": "🐯虎牙┃直播",
      "type": 3,
      "api": "https://ghfast.top/raw.githubusercontent.com/fantaiying7/EXT/refs/heads/main/drpy2.js",
      "ext": "https://ghfast.top/raw.githubusercontent.com/fantaiying7/EXT/refs/heads/main/huya2.js",
      "style": {
        "type": "rect",
        "ratio": 1.755
      },
      "playerType": "2",
      "searchable": 0,
      "quickSearch": 0,
      "changeable": 0
    },
    {
      "key": "斗鱼js",
      "name": "🐟斗鱼┃直播",
      "type": 3,
      "api": "https://ghfast.top/raw.githubusercontent.com/fantaiying7/EXT/refs/heads/main/drpy2.min.js",
      "ext": "https://ghfast.top/raw.githubusercontent.com/fantaiying7/EXT/refs/heads/main/斗鱼直播.js",
      "style": {
        "type": "rect",
        "ratio": 1.755
      },
      "playerType": "2",
      "searchable": 0,
      "quickSearch": 0,
      "changeable": 0
    },
    {
      "key": "有声小说js",
      "name": "🎧有声┃小说",
      "type": 3,
      "api": "https://ghfast.top/raw.githubusercontent.com/fantaiying7/EXT/refs/heads/main/drpy2.min.js",
      "ext": "https://ghfast.top/raw.githubusercontent.com/fantaiying7/EXT/refs/heads/main/有声小说吧.js",
      "style": {
        "type": "rect",
        "ratio": 1
      },
      "searchable": 0,
      "quickSearch": 0,
      "changeable": 0
    },
    {
      "key": "Aid",
      "name": "🚑急救┃教学",
      "type": 3,
      "api": "csp_FirstAid",
      "searchable": 0,
      "quickSearch": 0,
      "changeable": 0,
      "style": {
        "type": "rect",
        "ratio": 3.8
      }
    },
    {
      "key": "PanSso",
      "name": "🐌盘他┃三盘",
      "type": 3,
      "api": "csp_PanSso",
      "searchable": 1,
      "quickSearch": 1,
      "changeable": 0,
      "ext": {
        "Cloud-drive": "tvfan/Cloud-drive.txt",
        "from": "4k|auto"
      }
    },
    {
      "key": "YpanSo",
      "name": "🐟盘她┃三盘",
      "type": 3,
      "api": "csp_YpanSo",
      "searchable": 1,
      "quickSearch": 1,
      "changeable": 0,
      "ext": {
        "Cloud-drive": "tvfan/Cloud-drive.txt",
        "from": "4k|auto"
      }
    },
    {
      "key": "xzso",
      "name": "👻盘它┃三盘",
      "type": 3,
      "api": "csp_xzso",
      "searchable": 1,
      "quickSearch": 1,
      "changeable": 0,
      "ext": {
        "Cloud-drive": "tvfan/Cloud-drive.txt",
        "from": "4k|auto"
      }
    },
    {
      "key": "米搜",
      "name": "🦋米搜┃夸父",
      "type": 3,
      "api": "csp_MIPanSo",
      "searchable": 1,
      "quickSearch": 1,
      "changeable": 0,
      "ext": {
        "Cloud-drive": "tvfan/Cloud-drive.txt",
        "from": "4k|auto"
      }
    },
    {
      "key": "夸搜",
      "name": "😻夸搜┃夸父",
      "type": 3,
      "api": "csp_PanSearch",
      "searchable": 1,
      "quickSearch": 1,
      "changeable": 0,
      "ext": {
        "pan": "quark",
        "Cloud-drive": "tvfan/Cloud-drive.txt",
        "from": "4k|auto"
      }
    },
    {
      "key": "Aliso",
      "name": "🙀盘搜┃阿狸",
      "type": 3,
      "api": "csp_PanSearch",
      "searchable": 1,
      "quickSearch": 1,
      "changeable": 0,
      "ext": {
        "Cloud-drive": "tvfan/Cloud-drive.txt",
        "from": "4k|auto"
      }
    },
    {
      "key": "YiSo",
      "name": "😹易搜┃阿狸",
      "type": 3,
      "api": "csp_YiSo",
      "searchable": 1,
      "quickSearch": 1,
      "changeable": 0,
      "ext": {
        "Cloud-drive": "tvfan/Cloud-drive.txt",
        "from": "4k|auto"
      }
    },
    {
      "key": "push_agent",
      "name": "🛴手机┃推送",
      "type": 3,
      "api": "csp_Push",
      "searchable": 0,
      "quickSearch": 0,
      "ext": {
        "Cloud-drive": "tvfan/Cloud-drive.txt",
        "from": "4k|auto"
      }
    },
    {
      "key": "Bili",
      "name": "🅱哔哔合集┃弹幕",
      "type": 3,
      "api": "csp_Bili",
      "style": {
        "type": "rect",
        "ratio": 1.597
      },
      "searchable": 1,
      "quickSearch": 0,
      "changeable": 0,
      "ext": {
        "json": "https://im.feelec.com.cn/res/file.html?id=2c9a91099293dce40194194e5a5f7474"
      }
    },
    {
      "key": "Biliych",
      "name": "🅱哔哔演唱会┃弹幕",
      "type": 3,
      "api": "csp_Bili",
      "style": {
        "type": "rect",
        "ratio": 1.597
      },
      "searchable": 1,
      "quickSearch": 0,
      "changeable": 0,
      "ext": {
        "json": "https://im.feelec.com.cn/res/file.html?id=2c9a91099293dce40194194f4eb2747e"
      }
    },
    {
      "key": "dr_兔小贝",
      "name": "📚儿童┃启蒙",
      "type": 3,
      "api": "https://ghfast.top/raw.githubusercontent.com/fantaiying7/EXT/refs/heads/main/drpy2.min.js",
      "ext": "https://ghfast.top/raw.githubusercontent.com/fantaiying7/EXT/refs/heads/main/%E5%85%94%E5%B0%8F%E8%B4%9D.js",
      "style": {
        "type": "rect",
        "ratio": 1.597
      },
      "searchable": 0,
      "quickSearch": 0,
      "changeable": 0
    },
    {
      "key": "少儿教育",
      "name": "📚少儿┃教育",
      "type": 3,
      "api": "csp_Bili",
      "style": {
        "type": "rect",
        "ratio": 1.597
      },
      "searchable": 0,
      "quickSearch": 0,
      "changeable": 0,
      "ext": {
        "json": "https://im.feelec.com.cn/res/file.html?id=2c9a91099293dce4019465168f841292"
      }
    },
    {
      "key": "小学课堂",
      "name": "📚小学┃课堂",
      "type": 3,
      "api": "csp_Bili",
      "style": {
        "type": "rect",
        "ratio": 1.597
      },
      "searchable": 0,
      "quickSearch": 0,
      "changeable": 0,
      "ext": {
        "json": "https://im.feelec.com.cn/res/file.html?id=2c9a91099293dce401946513bb42128a"
      }
    },
    {
      "key": "初中课堂",
      "name": "📚初中┃课堂",
      "type": 3,
      "api": "csp_Bili",
      "style": {
        "type": "rect",
        "ratio": 1.597
      },
      "searchable": 0,
      "quickSearch": 0,
      "changeable": 0,
      "ext": {
        "json": "https://im.feelec.com.cn/res/file.html?id=2c9a91099293dce401946513bb2d1289"
      }
    },
    {
      "key": "高中教育",
      "name": "📚高中┃课堂",
      "type": 3,
      "api": "csp_Bili",
      "style": {
        "type": "rect",
        "ratio": 1.597
      },
      "searchable": 0,
      "quickSearch": 0,
      "changeable": 0,
      "ext": {
        "json": "https://im.feelec.com.cn/res/file.html?id=2c9a91099293dce401946513bd90128b"
      }
    }
  ],
  "logo": "https://s1.imagehub.cc/images/2025/01/15/e8b21391c58ed454c13ade26c003e857.gif",
  "lives": [
    {
      "name": "我的私用",
      "type": 0,
      "url": "DOCKER_ADDRESS/tvbox/iptv.m3u",
      "playerType": 1,
      "ua": "okhttp/3.15",
      "epg": "http://epg.112114.xyz/?ch={name}&date={date}",
      "logo": "https://epg.112114.xyz/logo/{name}.png"
    },
    {
      "name": "kilvn",
      "type": 3,
      "url": "https://live.kilvn.com/iptv.m3u",
      "playerType": 2,
      "timeout": 10
    },    
    {
      "name": "牛播一（仅新版影视仓/ok影视）",
      "type": 0,
      "url": "http://127.0.0.1:9978/proxy?do=饭太硬&type=liveList",
      "playerType": 1,
      "epg": "http://epg.51zmt.top:8000/api/diyp/?ch={name}&date={date}",
      "logo": "https://epg.iill.top/logo/{name}.png"
    },
    {
      "name": "IPV4",
      "type": 0,
      "url": "https://ghfast.top/raw.githubusercontent.com/MemoryCollection/IPTV/refs/heads/main/multicast.txt",
      "playerType": 1,
      "logo": "https://ghfast.top/raw.githubusercontent.com/fanmingming/live/refs/heads/main/tv/{name}.png"
    },
    {
      "name": "范明明",
      "type": 0,
      "url": "https://ghfast.top/raw.githubusercontent.com/fanmingming/live/refs/heads/main/tv/m3u/ipv6.m3u",
      "playerType": 1
    },
    {
      "name": "国内Live",
      "type": 0,
      "url": "http://127.0.0.1:9978/proxy?do=live&url=https://fs-im-kefu.7moor-fs1.com/ly/4d2c3f00-7d4c-11e5-af15-41bf63ae4ea0/1737628943833/zq.txt",
      "playerType": 2,
      "timeout": 10,
      "catchup": {
        "type": "append",
        "source": "&starttime=${(b)yyyyMMdd'T'HHmm}00.00Z&endtime=${(e)yyyyMMdd'T'HHmm}00.00Z"
      }
    },
    {
      "name": "平台直播",
      "type": 0,
      "url": "http://tv.iill.top/m3u/Live",
      "ua": "okhttp/3.15",
      "playerType": 2
    }
  ]

  "ijk": [
    {
      "group": "软解码",
      "options": [
        {
          "category": 4,
          "name": "opensles",
          "value": "0"
        },
        {
          "category": 4,
          "name": "overlay-format",
          "value": "842225234"
        },
        {
          "category": 4,
          "name": "framedrop",
          "value": "1"
        },
        {
          "category": 4,
          "name": "soundtouch",
          "value": "1"
        },
        {
          "category": 4,
          "name": "start-on-prepared",
          "value": "1"
        },
        {
          "category": 1,
          "name": "http-detect-range-support",
          "value": "0"
        },
        {
          "category": 1,
          "name": "fflags",
          "value": "fastseek"
        },
        {
          "category": 2,
          "name": "skip_loop_filter",
          "value": "48"
        },
        {
          "category": 4,
          "name": "reconnect",
          "value": "1"
        },
        {
          "category": 4,
          "name": "enable-accurate-seek",
          "value": "0"
        },
        {
          "category": 4,
          "name": "mediacodec",
          "value": "0"
        },
        {
          "category": 4,
          "name": "mediacodec-auto-rotate",
          "value": "0"
        },
        {
          "category": 4,
          "name": "mediacodec-handle-resolution-change",
          "value": "0"
        },
        {
          "category": 4,
          "name": "mediacodec-hevc",
          "value": "0"
        },
        {
          "category": 1,
          "name": "dns_cache_timeout",
          "value": "600000000"
        }
      ]
    },
    {
      "group": "硬解码",
      "options": [
        {
          "category": 4,
          "name": "opensles",
          "value": "0"
        },
        {
          "category": 4,
          "name": "overlay-format",
          "value": "842225234"
        },
        {
          "category": 4,
          "name": "framedrop",
          "value": "1"
        },
        {
          "category": 4,
          "name": "soundtouch",
          "value": "1"
        },
        {
          "category": 4,
          "name": "start-on-prepared",
          "value": "1"
        },
        {
          "category": 1,
          "name": "http-detect-range-support",
          "value": "0"
        },
        {
          "category": 1,
          "name": "fflags",
          "value": "fastseek"
        },
        {
          "category": 2,
          "name": "skip_loop_filter",
          "value": "48"
        },
        {
          "category": 4,
          "name": "reconnect",
          "value": "1"
        },
        {
          "category": 4,
          "name": "enable-accurate-seek",
          "value": "0"
        },
        {
          "category": 4,
          "name": "mediacodec",
          "value": "1"
        },
        {
          "category": 4,
          "name": "mediacodec-auto-rotate",
          "value": "1"
        },
        {
          "category": 4,
          "name": "mediacodec-handle-resolution-change",
          "value": "1"
        },
        {
          "category": 4,
          "name": "mediacodec-hevc",
          "value": "1"
        },
        {
          "category": 1,
          "name": "dns_cache_timeout",
          "value": "600000000"
        }
      ]
    }
  ],
  "rules": [
    {
      "name": "proxy",
      "hosts": [
        "raw.githubusercontent.com",
        "googlevideo.com",
        "cdn.v82u1l.com",
        "cdn.iz8qkg.com",
        "cdn.kin6c1.com",
        "c.biggggg.com",
        "c.olddddd.com",
        "haiwaikan.com",
        "www.histar.tv",
        "youtube.com",
        "uhibo.com",
        ".*boku.*",
        ".*nivod.*",
        ".*ulivetv.*"
      ]
    },
    {
      "name": "cl",
      "hosts": [
        "magnet"
      ],
      "regex": [
        "最 新",
        "直 播",
        "更 新"
      ]
    },
    {
      "name": "火山嗅探",
      "hosts": [
        "huoshan.com"
      ],
      "regex": [
        "item_id="
      ]
    },
    {
      "name": "抖音嗅探",
      "hosts": [
        "douyin.com"
      ],
      "regex": [
        "is_play_url="
      ]
    },
    {
      "name": "农民嗅探",
      "hosts": [
        "toutiaovod.com"
      ],
      "regex": [
        "video/tos/cn"
      ]
    },
    {
      "name": "七新嗅探",
      "hosts": [
        "api.52wyb.com"
      ],
      "regex": [
        "m3u8?pt=m3u8"
      ]
    },
    {
      "name": "夜市",
      "hosts": [
        "yeslivetv.com"
      ],
      "script": [
        "document.getElementsByClassName('vjs-big-play-button')[0].click()"
      ]
    },
    {
      "name": "毛驴",
      "hosts": [
        "www.maolvys.com"
      ],
      "script": [
        "document.getElementsByClassName('swal-button swal-button--confirm')[0].click()"
      ]
    },
    {
      "name": "czzy",
      "hosts": [
        "10086.cn"
      ],
      "regex": [
        "/storageWeb/servlet/downloadServlet"
      ]
    },
    {
      "name": "bdys",
      "hosts": [
        "bytetos.com",
        "byteimg.com",
        "bytednsdoc.com",
        "pstatp.com"
      ],
      "regex": [
        "/tos-cn"
      ],
      "exclude": [
        ".m3u8"
      ]
    },
    {
      "name": "bdys10",
      "hosts": [
        "bdys10.com"
      ],
      "regex": [
        "/obj/"
      ],
      "exclude": [
        ".m3u8"
      ]
    }
  ]  
}
